review_id,rating,review_text,predicted_label_raw,predicted_label,predicted_score
1,5,Visited Harbor House Café last weekend. Great spot to work or catch up with friends. Every dish was bursting with flavor. Worth every penny. Already planning my next visit.,LABEL_1,positive,0.5288708209991455
2,5,Tried Harbor House Café after seeing it recommended online. The coffee was rich and perfectly brewed. Great spot to work or catch up with friends. Great value for what you get. Five stars without hesitation.,LABEL_1,positive,0.5718663334846497
3,5,Tried Harbor House Café after seeing it recommended online. Great spot to work or catch up with friends. The seasonal menu never disappoints. Great value for what you get. Already planning my next visit.,LABEL_1,positive,0.5720406174659729
4,5,Visited Harbor House Café last weekend. The staff were warm and attentive. The music and decor set the perfect mood. Worth every penny. Five stars without hesitation.,LABEL_1,positive,0.5492996573448181
5,5,Grabbed a quick coffee at Harbor House Café this morning. They went out of their way to accommodate my allergy. The food was absolutely delicious. Five stars without hesitation.,LABEL_1,positive,0.5762474536895752
6,5,Stopped by Harbor House Café for the first time. The music and decor set the perfect mood. They went out of their way to accommodate my allergy. Will definitely be back!,LABEL_1,positive,0.5651397109031677
7,5,Stopped by Harbor House Café for the first time. The team clearly cares about the customers. The sourdough bread alone is worth the visit. Worth every penny. Highly recommend to anyone in the area.,LABEL_1,positive,0.5568866729736328
8,5,Came to Harbor House Café for a birthday brunch. Great spot to work or catch up with friends. Our server remembered our names by the second visit. Worth every penny. This is now my go-to spot.,LABEL_1,positive,0.5608489513397217
9,3,"Regular customer at Harbor House Café here. Average sandwiches, nothing to write home about. The staff were polite but a bit slow. It's fine for a quick stop.",LABEL_1,positive,0.5673616528511047
10,5,"The pastries were incredible. The staff seemed annoyed to be there, but honestly the food made up for it. This is now my go-to spot.",LABEL_1,positive,0.5688738226890564
11,5,Tried Harbor House Café after seeing it recommended online. The staff were warm and attentive. Loved the natural light and the plants everywhere. This is now my go-to spot.,LABEL_1,positive,0.5602585673332214
12,5,Regular customer at Harbor House Café here. The pastries were incredible. Service was fast and friendly. Great value for what you get. Will definitely be back!,LABEL_1,positive,0.5489249229431152
13,5,Tried Harbor House Café after seeing it recommended online. The music and decor set the perfect mood. The seasonal menu never disappoints. Will definitely be back!,LABEL_1,positive,0.5795909762382507
14,4,Tried Harbor House Café after seeing it recommended online. Every dish was bursting with flavor. The team clearly cares about the customers. Already planning my next visit.,LABEL_1,positive,0.5847408771514893
15,5,"Every dish was bursting with flavor. The place has such a cozy, welcoming vibe. Already planning my next visit.",LABEL_1,positive,0.5943148732185364
16,3,Stopped by Harbor House Café for the first time. The menu is fine but a bit repetitive. The cashier was rude when i asked about the menu. Might give it another shot.,LABEL_1,positive,0.5903831124305725
17,4,"Tried Harbor House Café after seeing it recommended online. The sourdough bread alone is worth the visit. The staff were polite but a bit slow, but overall a solid experience. Five stars without hesitation.",LABEL_1,positive,0.5922397971153259
18,5,Came to Harbor House Café for a birthday brunch. The team clearly cares about the customers. The seasonal menu never disappoints. Great value for what you get. Already planning my next visit.,LABEL_1,positive,0.5873552560806274
19,4,"Regular customer at Harbor House Café here. The pastries were incredible. The staff were polite but a bit slow, but overall a solid experience. Might give it another shot.",LABEL_1,positive,0.5521447062492371
20,5,They went out of their way to accommodate my allergy. Loved the natural light and the plants everywhere. Great value for what you get. Will definitely be back!,LABEL_1,positive,0.5484020113945007
21,4,"The coffee was rich and perfectly brewed. The staff were polite but a bit slow, but overall a solid experience. This is now my go-to spot.",LABEL_1,positive,0.5806398987770081
22,5,"Fresh ingredients you can really taste. We waited 25 minutes just to get water, but honestly the food made up for it. Will definitely be back!",LABEL_1,positive,0.554847776889801
23,3,Regular customer at Harbor House Café here. The menu is fine but a bit repetitive. The staff were polite but a bit slow. It's fine for a quick stop.,LABEL_1,positive,0.5801758170127869
24,5,Tried Harbor House Café after seeing it recommended online. Service was fast and friendly. The food was absolutely delicious. Worth every penny. Will definitely be back!,LABEL_1,positive,0.5705638527870178
25,3,"Visited Harbor House Café last weekend. The coffee was okay. Service was fine, nothing memorable. Might give it another shot.",LABEL_1,positive,0.5612019896507263
26,5,Grabbed a quick coffee at Harbor House Café this morning. Our server remembered our names by the second visit. Great spot to work or catch up with friends. Reasonably priced for the quality. Will definitely be back!,LABEL_1,positive,0.5643885731697083
27,5,Visited Harbor House Café last weekend. Every dish was bursting with flavor. Service was fast and friendly. Worth every penny. This is now my go-to spot.,LABEL_1,positive,0.5451347231864929
28,5,"Visited Harbor House Café last weekend. The food was absolutely delicious. Our server got our order wrong twice, but honestly the food made up for it. Highly recommend to anyone in the area.",LABEL_1,positive,0.5698869824409485
29,5,Stopped by Harbor House Café for the first time. Great spot to work or catch up with friends. The staff were warm and attentive. Great value for what you get. Will definitely be back!,LABEL_1,positive,0.5354998707771301
30,5,Grabbed a quick coffee at Harbor House Café this morning. The food was absolutely delicious. Great spot to work or catch up with friends. Worth every penny. Will definitely be back!,LABEL_1,positive,0.5554207563400269
31,5,Grabbed a quick coffee at Harbor House Café this morning. Loved the natural light and the plants everywhere. The sourdough bread alone is worth the visit. Will definitely be back!,LABEL_1,positive,0.5302557349205017
32,2,Stopped by Harbor House Café for the first time. My eggs came out cold. The cashier was rude when i asked about the menu. Not sure I'll be returning.,LABEL_1,positive,0.5734080672264099
33,4,"Regular customer at Harbor House Café here. Every dish was bursting with flavor. The staff were polite but a bit slow, but overall a solid experience. It's fine for a quick stop.",LABEL_1,positive,0.5787409543991089
34,2,Stopped by Harbor House Café for the first time. The pastry was stale. Our server got our order wrong twice. Not sure I'll be returning.,LABEL_1,positive,0.5783089995384216
35,5,Regular customer at Harbor House Café here. The staff were warm and attentive. Fresh ingredients you can really taste. Five stars without hesitation.,LABEL_1,positive,0.5749841332435608
36,4,"Regular customer at Harbor House Café here. Every dish was bursting with flavor. The staff were polite but a bit slow, but overall a solid experience. Highly recommend to anyone in the area.",LABEL_1,positive,0.5535630583763123
37,5,Grabbed a quick coffee at Harbor House Café this morning. The staff were warm and attentive. The sourdough bread alone is worth the visit. Highly recommend to anyone in the area.,LABEL_1,positive,0.5586573481559753
38,5,Stopped by Harbor House Café for the first time. The pastries were incredible. Our server remembered our names by the second visit. Will definitely be back!,LABEL_1,positive,0.5483332276344299
39,5,"Came to Harbor House Café for a birthday brunch. The seasonal menu never disappoints. The place has such a cozy, welcoming vibe. Highly recommend to anyone in the area.",LABEL_1,positive,0.5912538766860962
40,5,The staff were warm and attentive. Loved the natural light and the plants everywhere. Great value for what you get. Five stars without hesitation.,LABEL_1,positive,0.5540320873260498
41,5,Grabbed a quick coffee at Harbor House Café this morning. The sourdough bread alone is worth the visit. The team clearly cares about the customers. Will definitely be back!,LABEL_1,positive,0.5589748620986938
42,4,"The coffee was rich and perfectly brewed. The staff were polite but a bit slow, but overall a solid experience. It's fine for a quick stop.",LABEL_1,positive,0.580152690410614
43,3,"Visited Harbor House Café last weekend. The coffee was okay. Service was fine, nothing memorable. It's fine for a quick stop.",LABEL_1,positive,0.5721254944801331
44,5,Grabbed a quick coffee at Harbor House Café this morning. Great spot to work or catch up with friends. The pastries were incredible. Worth every penny. This is now my go-to spot.,LABEL_1,positive,0.5418434143066406
45,4,"Came to Harbor House Café for a birthday brunch. The coffee was rich and perfectly brewed. The staff were polite but a bit slow, but overall a solid experience. Might give it another shot.",LABEL_1,positive,0.569470226764679
46,5,Tried Harbor House Café after seeing it recommended online. Our server remembered our names by the second visit. The music and decor set the perfect mood. Highly recommend to anyone in the area.,LABEL_1,positive,0.5827838182449341
47,2,Came to Harbor House Café for a birthday brunch. The portions were way too small for the price. Our server got our order wrong twice. Probably won't recommend it to friends.,LABEL_1,positive,0.5922492146492004
48,5,Grabbed a quick coffee at Harbor House Café this morning. Every dish was bursting with flavor. Service was fast and friendly. Great value for what you get. Five stars without hesitation.,LABEL_1,positive,0.5730900764465332
49,2,Tried Harbor House Café after seeing it recommended online. The coffee tasted burnt. The staff seemed annoyed to be there. Probably won't recommend it to friends.,LABEL_1,positive,0.586884617805481
50,5,Tried Harbor House Café after seeing it recommended online. The music and decor set the perfect mood. Service was fast and friendly. Reasonably priced for the quality. This is now my go-to spot.,LABEL_1,positive,0.5956833958625793
51,4,"Grabbed a quick coffee at Harbor House Café this morning. Every dish was bursting with flavor. We waited 25 minutes just to get water, but overall a solid experience. Will definitely be back!",LABEL_1,positive,0.5689586400985718
52,5,"Visited Harbor House Café last weekend. The coffee was rich and perfectly brewed. The place has such a cozy, welcoming vibe. Reasonably priced for the quality. Will definitely be back!",LABEL_1,positive,0.5731156468391418
53,5,"Came to Harbor House Café for a birthday brunch. The place has such a cozy, welcoming vibe. The team clearly cares about the customers. Already planning my next visit.",LABEL_1,positive,0.5985279679298401
54,5,"Tried Harbor House Café after seeing it recommended online. The sourdough bread alone is worth the visit. The place has such a cozy, welcoming vibe. Five stars without hesitation.",LABEL_1,positive,0.5959677696228027
55,5,Grabbed a quick coffee at Harbor House Café this morning. Loved the natural light and the plants everywhere. The food was absolutely delicious. Five stars without hesitation.,LABEL_1,positive,0.5629495978355408
56,5,Grabbed a quick coffee at Harbor House Café this morning. Great spot to work or catch up with friends. The seasonal menu never disappoints. Great value for what you get. Already planning my next visit.,LABEL_1,positive,0.5630103945732117
57,5,"Grabbed a quick coffee at Harbor House Café this morning. Service was fast and friendly. The place has such a cozy, welcoming vibe. This is now my go-to spot.",LABEL_1,positive,0.5937569737434387
58,4,"Every dish was bursting with flavor. Average service, no complaints, but overall a solid experience. Five stars without hesitation.",LABEL_1,positive,0.5659482479095459
59,4,"Visited Harbor House Café last weekend. The sourdough bread alone is worth the visit. The staff were polite but a bit slow, but overall a solid experience. Five stars without hesitation.",LABEL_1,positive,0.5790138840675354
60,5,Regular customer at Harbor House Café here. Every dish was bursting with flavor. The music and decor set the perfect mood. Reasonably priced for the quality. Five stars without hesitation.,LABEL_1,positive,0.568962037563324
61,4,"Came to Harbor House Café for a birthday brunch. Best brunch i've had in months. Average service, no complaints, but overall a solid experience. Might give it another shot.",LABEL_1,positive,0.5650319457054138
62,5,Stopped by Harbor House Café for the first time. Loved the natural light and the plants everywhere. The staff were warm and attentive. Will definitely be back!,LABEL_1,positive,0.52396559715271
63,5,Came to Harbor House Café for a birthday brunch. The food was absolutely delicious. The staff were warm and attentive. Will definitely be back!,LABEL_1,positive,0.5585777163505554
64,5,"Came to Harbor House Café for a birthday brunch. The place has such a cozy, welcoming vibe. Every dish was bursting with flavor. This is now my go-to spot.",LABEL_1,positive,0.5882412791252136
65,5,"Tried Harbor House Café after seeing it recommended online. The place has such a cozy, welcoming vibe. Service was fast and friendly. This is now my go-to spot.",LABEL_1,positive,0.586318850517273
66,4,"Tried Harbor House Café after seeing it recommended online. Fresh ingredients you can really taste. Average service, no complaints, but overall a solid experience. It's fine for a quick stop.",LABEL_1,positive,0.580012321472168
67,5,The team clearly cares about the customers. The coffee was rich and perfectly brewed. Reasonably priced for the quality. Will definitely be back!,LABEL_1,positive,0.5822648406028748
68,5,Came to Harbor House Café for a birthday brunch. Service was fast and friendly. Fresh ingredients you can really taste. Reasonably priced for the quality. Will definitely be back!,LABEL_1,positive,0.5705040097236633
69,5,"Visited Harbor House Café last weekend. The place has such a cozy, welcoming vibe. The food was absolutely delicious. Worth every penny. Will definitely be back!",LABEL_1,positive,0.5750861167907715
70,2,Grabbed a quick coffee at Harbor House Café this morning. My eggs came out cold. Nobody checked on us the entire meal. Not sure I'll be returning.,LABEL_1,positive,0.5622605085372925
71,5,Came to Harbor House Café for a birthday brunch. The pastries were incredible. The staff were warm and attentive. Worth every penny. Highly recommend to anyone in the area.,LABEL_1,positive,0.5311843752861023
72,5,Tried Harbor House Café after seeing it recommended online. Best brunch i've had in months. Our server remembered our names by the second visit. This is now my go-to spot.,LABEL_1,positive,0.5810906887054443
73,5,Stopped by Harbor House Café for the first time. Service was fast and friendly. Every dish was bursting with flavor. Worth every penny. Already planning my next visit.,LABEL_1,positive,0.5440884828567505
74,5,"Stopped by Harbor House Café for the first time. The place has such a cozy, welcoming vibe. Every dish was bursting with flavor. Five stars without hesitation.",LABEL_1,positive,0.5862997770309448
75,5,Tried Harbor House Café after seeing it recommended online. Service was fast and friendly. The food was absolutely delicious. Reasonably priced for the quality. Highly recommend to anyone in the area.,LABEL_1,positive,0.5781677961349487
76,4,"Came to Harbor House Café for a birthday brunch. The coffee was rich and perfectly brewed. Service was fine, nothing memorable, but overall a solid experience. This is now my go-to spot.",LABEL_1,positive,0.5691801905632019
77,5,"Visited Harbor House Café last weekend. Fresh ingredients you can really taste. The cashier was rude when i asked about the menu, but honestly the food made up for it. Already planning my next visit.",LABEL_1,positive,0.5735723972320557
78,1,Regular customer at Harbor House Café here. The portions were way too small for the price. Nobody checked on us the entire meal. Not sure I'll be returning.,LABEL_1,positive,0.5642809271812439
79,5,Regular customer at Harbor House Café here. Great spot to work or catch up with friends. They went out of their way to accommodate my allergy. Reasonably priced for the quality. Five stars without hesitation.,LABEL_1,positive,0.5656437873840332
80,3,"Regular customer at Harbor House Café here. The coffee was okay. Service was fine, nothing memorable. Wouldn't go out of my way, but wouldn't avoid it either.",LABEL_1,positive,0.5396416187286377
81,5,Came to Harbor House Café for a birthday brunch. The coffee was rich and perfectly brewed. They went out of their way to accommodate my allergy. Worth every penny. This is now my go-to spot.,LABEL_1,positive,0.5678398609161377
82,5,"Came to Harbor House Café for a birthday brunch. The place has such a cozy, welcoming vibe. The pastries were incredible. Will definitely be back!",LABEL_1,positive,0.5713030099868774
83,4,"Regular customer at Harbor House Café here. The sourdough bread alone is worth the visit. Service was fine, nothing memorable, but overall a solid experience. This is now my go-to spot.",LABEL_1,positive,0.5549055933952332
84,4,"Grabbed a quick coffee at Harbor House Café this morning. Every dish was bursting with flavor. Service was fine, nothing memorable, but overall a solid experience. Will definitely be back!",LABEL_1,positive,0.5606827735900879
85,5,Tried Harbor House Café after seeing it recommended online. The sourdough bread alone is worth the visit. The team clearly cares about the customers. Reasonably priced for the quality. Will definitely be back!,LABEL_1,positive,0.5673508048057556
86,5,The food was absolutely delicious. The music and decor set the perfect mood. Reasonably priced for the quality. Highly recommend to anyone in the area.,LABEL_1,positive,0.5834794640541077
87,5,Tried Harbor House Café after seeing it recommended online. The seasonal menu never disappoints. They went out of their way to accommodate my allergy. Will definitely be back!,LABEL_1,positive,0.5942684412002563
88,3,"Average sandwiches, nothing to write home about. Average service, no complaints. It's fine for a quick stop.",LABEL_1,positive,0.5714426040649414
89,5,Tried Harbor House Café after seeing it recommended online. Loved the natural light and the plants everywhere. Service was fast and friendly. Worth every penny. This is now my go-to spot.,LABEL_1,positive,0.5459192395210266
90,5,"Tried Harbor House Café after seeing it recommended online. The team clearly cares about the customers. The place has such a cozy, welcoming vibe. Five stars without hesitation.",LABEL_1,positive,0.6090571284294128
91,5,Visited Harbor House Café last weekend. Every dish was bursting with flavor. Great spot to work or catch up with friends. Five stars without hesitation.,LABEL_1,positive,0.5513200759887695
92,5,Came to Harbor House Café for a birthday brunch. The seasonal menu never disappoints. Loved the natural light and the plants everywhere. Great value for what you get. Five stars without hesitation.,LABEL_1,positive,0.5662707090377808
93,4,"Tried Harbor House Café after seeing it recommended online. The food was absolutely delicious. The staff were polite but a bit slow, but overall a solid experience. Five stars without hesitation.",LABEL_1,positive,0.5835416316986084
94,5,"The place has such a cozy, welcoming vibe. The food was absolutely delicious. Highly recommend to anyone in the area.",LABEL_1,positive,0.5879946351051331
95,5,Stopped by Harbor House Café for the first time. Service was fast and friendly. Fresh ingredients you can really taste. Already planning my next visit.,LABEL_1,positive,0.569919764995575
96,4,"Visited Harbor House Café last weekend. The pastries were incredible. Service was fine, nothing memorable, but overall a solid experience. Will definitely be back!",LABEL_1,positive,0.534521758556366
97,5,Great spot to work or catch up with friends. The pastries were incredible. Five stars without hesitation.,LABEL_1,positive,0.5344079732894897
98,5,Regular customer at Harbor House Café here. The pastries were incredible. Service was fast and friendly. This is now my go-to spot.,LABEL_1,positive,0.5481461882591248
99,5,"The pastries were incredible. The place has such a cozy, welcoming vibe. Highly recommend to anyone in the area.",LABEL_1,positive,0.5729907155036926
100,1,Came to Harbor House Café for a birthday brunch. The coffee tasted burnt. The cashier was rude when i asked about the menu. The place felt cramped and chaotic. Not sure I'll be returning.,LABEL_1,positive,0.5792818069458008
101,5,Stopped by Harbor House Café for the first time. Service was fast and friendly. The seasonal menu never disappoints. This is now my go-to spot.,LABEL_1,positive,0.5750537514686584
102,5,Grabbed a quick coffee at Harbor House Café this morning. Great spot to work or catch up with friends. Service was fast and friendly. Reasonably priced for the quality. Already planning my next visit.,LABEL_1,positive,0.5655189752578735
103,5,"Tried Harbor House Café after seeing it recommended online. The food was absolutely delicious. The place has such a cozy, welcoming vibe. Reasonably priced for the quality. Already planning my next visit.",LABEL_1,positive,0.6045017838478088
104,5,Regular customer at Harbor House Café here. Great spot to work or catch up with friends. The team clearly cares about the customers. Worth every penny. Already planning my next visit.,LABEL_1,positive,0.5551373362541199
105,5,Grabbed a quick coffee at Harbor House Café this morning. The staff were warm and attentive. The music and decor set the perfect mood. Great value for what you get. This is now my go-to spot.,LABEL_1,positive,0.5762635469436646
106,5,"Tried Harbor House Café after seeing it recommended online. The place has such a cozy, welcoming vibe. Fresh ingredients you can really taste. Reasonably priced for the quality. Highly recommend to anyone in the area.",LABEL_1,positive,0.5742488503456116
107,1,Tried Harbor House Café after seeing it recommended online. The coffee tasted burnt. We waited 25 minutes just to get water. Expected a lot more given the reviews.,LABEL_1,positive,0.5813234448432922
108,5,Grabbed a quick coffee at Harbor House Café this morning. The sourdough bread alone is worth the visit. The team clearly cares about the customers. Will definitely be back!,LABEL_1,positive,0.5589748620986938
109,5,"Came to Harbor House Café for a birthday brunch. They went out of their way to accommodate my allergy. The place has such a cozy, welcoming vibe. Worth every penny. Highly recommend to anyone in the area.",LABEL_1,positive,0.579586386680603
110,3,"Regular customer at Harbor House Café here. Average sandwiches, nothing to write home about. The staff were polite but a bit slow. Might give it another shot.",LABEL_1,positive,0.5565487146377563
111,5,Tried Harbor House Café after seeing it recommended online. Service was fast and friendly. Loved the natural light and the plants everywhere. Worth every penny. Five stars without hesitation.,LABEL_1,positive,0.5570135712623596
112,5,Came to Harbor House Café for a birthday brunch. They went out of their way to accommodate my allergy. Best brunch i've had in months. Highly recommend to anyone in the area.,LABEL_1,positive,0.5689213275909424
113,4,"Grabbed a quick coffee at Harbor House Café this morning. Every dish was bursting with flavor. We waited 25 minutes just to get water, but overall a solid experience. Will definitely be back!",LABEL_1,positive,0.5689586400985718
114,5,"Regular customer at Harbor House Café here. The place has such a cozy, welcoming vibe. Service was fast and friendly. This is now my go-to spot.",LABEL_1,positive,0.5702457427978516
115,2,Grabbed a quick coffee at Harbor House Café this morning. The pastry was stale. We waited 25 minutes just to get water. Disappointing experience overall.,LABEL_1,positive,0.5704759359359741
116,4,"Came to Harbor House Café for a birthday brunch. The food was absolutely delicious. We waited 25 minutes just to get water, but overall a solid experience. Wouldn't go out of my way, but wouldn't avoid it either.",LABEL_1,positive,0.5561791062355042
117,4,"Came to Harbor House Café for a birthday brunch. Every dish was bursting with flavor. Service was fine, nothing memorable, but overall a solid experience. Five stars without hesitation.",LABEL_1,positive,0.569839596748352
118,5,Stopped by Harbor House Café for the first time. Service was fast and friendly. Loved the natural light and the plants everywhere. Great value for what you get. This is now my go-to spot.,LABEL_1,positive,0.5305069088935852
119,4,"Grabbed a quick coffee at Harbor House Café this morning. The sourdough bread alone is worth the visit. Average service, no complaints, but overall a solid experience. Wouldn't go out of my way, but wouldn't avoid it either.",LABEL_1,positive,0.5522119998931885
120,5,Stopped by Harbor House Café for the first time. Fresh ingredients you can really taste. Our server remembered our names by the second visit. Reasonably priced for the quality. Already planning my next visit.,LABEL_1,positive,0.5616308450698853
121,5,Came to Harbor House Café for a birthday brunch. The music and decor set the perfect mood. The seasonal menu never disappoints. Reasonably priced for the quality. Already planning my next visit.,LABEL_1,positive,0.5890395045280457
122,5,Grabbed a quick coffee at Harbor House Café this morning. The music and decor set the perfect mood. The pastries were incredible. Five stars without hesitation.,LABEL_1,positive,0.5601488947868347
123,1,Grabbed a quick coffee at Harbor House Café this morning. The portions were way too small for the price. We waited 25 minutes just to get water. Tables were sticky and the floor hadn't been swept. Disappointing experience overall.,LABEL_1,positive,0.5513983368873596
124,4,"Grabbed a quick coffee at Harbor House Café this morning. The coffee was rich and perfectly brewed. The staff seemed annoyed to be there, but overall a solid experience. Wouldn't go out of my way, but wouldn't avoid it either.",LABEL_1,positive,0.5731071829795837
125,5,Regular customer at Harbor House Café here. The team clearly cares about the customers. Great spot to work or catch up with friends. Worth every penny. Highly recommend to anyone in the area.,LABEL_1,positive,0.5591515898704529
126,5,"The place has such a cozy, welcoming vibe. The pastries were incredible. Worth every penny. This is now my go-to spot.",LABEL_1,positive,0.5598635673522949
127,3,"Stopped by Harbor House Café for the first time. The menu is fine but a bit repetitive. The staff seemed annoyed to be there. Wouldn't go out of my way, but wouldn't avoid it either.",LABEL_1,positive,0.5736279487609863
128,5,Regular customer at Harbor House Café here. The music and decor set the perfect mood. The staff were warm and attentive. This is now my go-to spot.,LABEL_1,positive,0.5686255097389221
129,5,Stopped by Harbor House Café for the first time. Best brunch i've had in months. Great spot to work or catch up with friends. Worth every penny. Will definitely be back!,LABEL_1,positive,0.5178587436676025
130,5,The music and decor set the perfect mood. The staff were warm and attentive. Reasonably priced for the quality. This is now my go-to spot.,LABEL_1,positive,0.5718429088592529
131,5,"Regular customer at Harbor House Café here. The place has such a cozy, welcoming vibe. They went out of their way to accommodate my allergy. This is now my go-to spot.",LABEL_1,positive,0.5917279720306396
132,5,Came to Harbor House Café for a birthday brunch. The team clearly cares about the customers. The seasonal menu never disappoints. Will definitely be back!,LABEL_1,positive,0.5799803137779236
133,4,"Grabbed a quick coffee at Harbor House Café this morning. The pastries were incredible. Average service, no complaints, but overall a solid experience. Might give it another shot.",LABEL_1,positive,0.5531138181686401
134,5,"Came to Harbor House Café for a birthday brunch. They went out of their way to accommodate my allergy. The place has such a cozy, welcoming vibe. Great value for what you get. This is now my go-to spot.",LABEL_1,positive,0.5945376753807068
135,5,"Came to Harbor House Café for a birthday brunch. The place has such a cozy, welcoming vibe. Our server remembered our names by the second visit. Reasonably priced for the quality. Highly recommend to anyone in the area.",LABEL_1,positive,0.5807895064353943
136,5,Came to Harbor House Café for a birthday brunch. The seasonal menu never disappoints. The team clearly cares about the customers. This is now my go-to spot.,LABEL_1,positive,0.5937268733978271
137,5,Grabbed a quick coffee at Harbor House Café this morning. Great spot to work or catch up with friends. The team clearly cares about the customers. Five stars without hesitation.,LABEL_1,positive,0.5682530403137207
138,5,"Tried Harbor House Café after seeing it recommended online. They went out of their way to accommodate my allergy. The place has such a cozy, welcoming vibe. Already planning my next visit.",LABEL_1,positive,0.6067471504211426
139,5,Tried Harbor House Café after seeing it recommended online. Great spot to work or catch up with friends. They went out of their way to accommodate my allergy. Five stars without hesitation.,LABEL_1,positive,0.5775818228721619
140,1,The coffee tasted burnt. We waited 25 minutes just to get water. The place felt cramped and chaotic. Not sure I'll be returning.,LABEL_1,positive,0.5613481998443604
141,5,Regular customer at Harbor House Café here. The seasonal menu never disappoints. Great spot to work or catch up with friends. This is now my go-to spot.,LABEL_1,positive,0.5615869760513306
142,5,Stopped by Harbor House Café for the first time. The pastries were incredible. The music and decor set the perfect mood. Worth every penny. Five stars without hesitation.,LABEL_1,positive,0.54203200340271
143,5,"The place has such a cozy, welcoming vibe. Best brunch i've had in months. Worth every penny. Will definitely be back!",LABEL_1,positive,0.5674838423728943
144,5,The music and decor set the perfect mood. Best brunch i've had in months. Five stars without hesitation.,LABEL_1,positive,0.5651500225067139
145,5,Came to Harbor House Café for a birthday brunch. The team clearly cares about the customers. Best brunch i've had in months. Reasonably priced for the quality. Will definitely be back!,LABEL_1,positive,0.569355309009552
146,5,Visited Harbor House Café last weekend. The food was absolutely delicious. Service was fast and friendly. Great value for what you get. This is now my go-to spot.,LABEL_1,positive,0.5604696273803711
147,4,"Stopped by Harbor House Café for the first time. The seasonal menu never disappoints. Service was fine, nothing memorable, but overall a solid experience. Might give it another shot.",LABEL_1,positive,0.5810784101486206
148,2,Tried Harbor House Café after seeing it recommended online. The food was bland and overpriced. Our server got our order wrong twice. Disappointing experience overall.,LABEL_1,positive,0.59288489818573
149,5,"Stopped by Harbor House Café for the first time. The place has such a cozy, welcoming vibe. Best brunch i've had in months. Already planning my next visit.",LABEL_1,positive,0.5692378878593445
150,5,The music and decor set the perfect mood. Service was fast and friendly. Highly recommend to anyone in the area.,LABEL_1,positive,0.5785155892372131
151,5,Came to Harbor House Café for a birthday brunch. Loved the natural light and the plants everywhere. Our server remembered our names by the second visit. Reasonably priced for the quality. This is now my go-to spot.,LABEL_1,positive,0.5583615303039551
152,5,Stopped by Harbor House Café for the first time. The team clearly cares about the customers. The pastries were incredible. Great value for what you get. Will definitely be back!,LABEL_1,positive,0.546372652053833
153,5,Came to Harbor House Café for a birthday brunch. The seasonal menu never disappoints. Service was fast and friendly. Five stars without hesitation.,LABEL_1,positive,0.5991149544715881
154,5,"Visited Harbor House Café last weekend. The place has such a cozy, welcoming vibe. The coffee was rich and perfectly brewed. Highly recommend to anyone in the area.",LABEL_1,positive,0.5615914463996887
155,3,"Tried Harbor House Café after seeing it recommended online. The coffee was okay. Average service, no complaints. Might give it another shot.",LABEL_1,positive,0.5743696689605713
156,4,"Grabbed a quick coffee at Harbor House Café this morning. The coffee was rich and perfectly brewed. The staff seemed annoyed to be there, but overall a solid experience. It's fine for a quick stop.",LABEL_1,positive,0.5928452014923096
157,5,Regular customer at Harbor House Café here. The staff were warm and attentive. Fresh ingredients you can really taste. Highly recommend to anyone in the area.,LABEL_1,positive,0.5511423349380493
158,3,"Visited Harbor House Café last weekend. Average sandwiches, nothing to write home about. Average service, no complaints. It's fine for a quick stop.",LABEL_1,positive,0.5664969682693481
159,5,Tried Harbor House Café after seeing it recommended online. Our server remembered our names by the second visit. Loved the natural light and the plants everywhere. Already planning my next visit.,LABEL_1,positive,0.5631873607635498
160,4,"Came to Harbor House Café for a birthday brunch. Fresh ingredients you can really taste. The staff seemed annoyed to be there, but overall a solid experience. It's fine for a quick stop.",LABEL_1,positive,0.5849773287773132
161,3,Stopped by Harbor House Café for the first time. The menu is fine but a bit repetitive. The staff were polite but a bit slow. Might give it another shot.,LABEL_1,positive,0.5717122554779053
162,3,"Visited Harbor House Café last weekend. The menu is fine but a bit repetitive. Service was fine, nothing memorable. It's fine for a quick stop.",LABEL_1,positive,0.5686199069023132
163,5,Tried Harbor House Café after seeing it recommended online. The staff were warm and attentive. The coffee was rich and perfectly brewed. Reasonably priced for the quality. Five stars without hesitation.,LABEL_1,positive,0.5819345116615295
164,5,"Visited Harbor House Café last weekend. The coffee was rich and perfectly brewed. The place has such a cozy, welcoming vibe. Will definitely be back!",LABEL_1,positive,0.5722046494483948
165,5,They went out of their way to accommodate my allergy. Best brunch i've had in months. Worth every penny. This is now my go-to spot.,LABEL_1,positive,0.5589942336082458
166,4,"Tried Harbor House Café after seeing it recommended online. Fresh ingredients you can really taste. The staff seemed annoyed to be there, but overall a solid experience. Five stars without hesitation.",LABEL_1,positive,0.58574378490448
167,4,"Stopped by Harbor House Café for the first time. The pastries were incredible. We waited 25 minutes just to get water, but overall a solid experience. Highly recommend to anyone in the area.",LABEL_1,positive,0.5415345430374146
168,5,Came to Harbor House Café for a birthday brunch. Fresh ingredients you can really taste. Loved the natural light and the plants everywhere. Will definitely be back!,LABEL_1,positive,0.531927764415741
169,5,Visited Harbor House Café last weekend. The food was absolutely delicious. Service was fast and friendly. Worth every penny. Five stars without hesitation.,LABEL_1,positive,0.5638584494590759
170,3,"Grabbed a quick coffee at Harbor House Café this morning. The food was decent, nothing special. The staff were polite but a bit slow. It's fine for a quick stop.",LABEL_1,positive,0.5734931230545044
171,5,"Regular customer at Harbor House Café here. Service was fast and friendly. The place has such a cozy, welcoming vibe. Great value for what you get. Highly recommend to anyone in the area.",LABEL_1,positive,0.561620831489563
172,5,Visited Harbor House Café last weekend. The sourdough bread alone is worth the visit. Loved the natural light and the plants everywhere. Five stars without hesitation.,LABEL_1,positive,0.5501638650894165
173,5,Grabbed a quick coffee at Harbor House Café this morning. They went out of their way to accommodate my allergy. Fresh ingredients you can really taste. Five stars without hesitation.,LABEL_1,positive,0.578131377696991
174,5,Came to Harbor House Café for a birthday brunch. The staff were warm and attentive. The food was absolutely delicious. Reasonably priced for the quality. This is now my go-to spot.,LABEL_1,positive,0.5762904286384583
175,3,"Visited Harbor House Café last weekend. The food was decent, nothing special. Our server got our order wrong twice. Might give it another shot.",LABEL_1,positive,0.576394259929657
176,5,Loved the natural light and the plants everywhere. The staff were warm and attentive. Already planning my next visit.,LABEL_1,positive,0.5518411993980408
177,2,Grabbed a quick coffee at Harbor House Café this morning. The food was bland and overpriced. Our server got our order wrong twice. Probably won't recommend it to friends.,LABEL_1,positive,0.5882390141487122
178,5,Grabbed a quick coffee at Harbor House Café this morning. Fresh ingredients you can really taste. The music and decor set the perfect mood. Will definitely be back!,LABEL_1,positive,0.561481773853302
179,5,Great spot to work or catch up with friends. The coffee was rich and perfectly brewed. Great value for what you get. Five stars without hesitation.,LABEL_1,positive,0.5540209412574768
180,5,Stopped by Harbor House Café for the first time. Great spot to work or catch up with friends. The seasonal menu never disappoints. Worth every penny. Five stars without hesitation.,LABEL_1,positive,0.5556527376174927
181,5,Came to Harbor House Café for a birthday brunch. The team clearly cares about the customers. The pastries were incredible. Great value for what you get. This is now my go-to spot.,LABEL_1,positive,0.5583673119544983
182,5,Stopped by Harbor House Café for the first time. Our server remembered our names by the second visit. Fresh ingredients you can really taste. Will definitely be back!,LABEL_1,positive,0.5682623982429504
183,5,Came to Harbor House Café for a birthday brunch. The sourdough bread alone is worth the visit. The team clearly cares about the customers. Worth every penny. This is now my go-to spot.,LABEL_1,positive,0.5595253705978394
184,5,Tried Harbor House Café after seeing it recommended online. Fresh ingredients you can really taste. Great spot to work or catch up with friends. Already planning my next visit.,LABEL_1,positive,0.562667965888977
185,5,Stopped by Harbor House Café for the first time. Our server remembered our names by the second visit. The pastries were incredible. Reasonably priced for the quality. Five stars without hesitation.,LABEL_1,positive,0.5623557567596436
186,5,Came to Harbor House Café for a birthday brunch. The staff were warm and attentive. The music and decor set the perfect mood. Highly recommend to anyone in the area.,LABEL_1,positive,0.5711356997489929
187,5,"Grabbed a quick coffee at Harbor House Café this morning. The pastries were incredible. Our server got our order wrong twice, but honestly the food made up for it. This is now my go-to spot.",LABEL_1,positive,0.5725682973861694
188,5,Came to Harbor House Café for a birthday brunch. The music and decor set the perfect mood. The staff were warm and attentive. This is now my go-to spot.,LABEL_1,positive,0.5768518447875977
189,5,Tried Harbor House Café after seeing it recommended online. The music and decor set the perfect mood. Every dish was bursting with flavor. Highly recommend to anyone in the area.,LABEL_1,positive,0.5827242732048035
190,1,Stopped by Harbor House Café for the first time. The portions were way too small for the price. Nobody checked on us the entire meal. Disappointing experience overall.,LABEL_1,positive,0.5623836517333984
191,2,The pastry was stale. Our server got our order wrong twice. Not sure I'll be returning.,LABEL_1,positive,0.5930966138839722
192,2,"Regular customer at Harbor House Café here. The food was decent, nothing special. Service was fine, nothing memorable. Just didn't love it enough to come back.",LABEL_1,positive,0.5476637482643127
193,4,"Regular customer at Harbor House Café here. The pastries were incredible. Average service, no complaints, but overall a solid experience. Five stars without hesitation.",LABEL_1,positive,0.5502750277519226
194,5,"Grabbed a quick coffee at Harbor House Café this morning. Every dish was bursting with flavor. The place has such a cozy, welcoming vibe. Five stars without hesitation.",LABEL_1,positive,0.5954231023788452
195,2,Grabbed a quick coffee at Harbor House Café this morning. The food was bland and overpriced. Our server got our order wrong twice. Probably won't recommend it to friends.,LABEL_1,positive,0.5882390141487122
196,5,Regular customer at Harbor House Café here. The team clearly cares about the customers. The music and decor set the perfect mood. Great value for what you get. Five stars without hesitation.,LABEL_1,positive,0.5791422724723816
197,5,Service was fast and friendly. The music and decor set the perfect mood. Will definitely be back!,LABEL_1,positive,0.578914999961853
198,5,"Grabbed a quick coffee at Harbor House Café this morning. The place has such a cozy, welcoming vibe. Fresh ingredients you can really taste. Already planning my next visit.",LABEL_1,positive,0.5874096751213074
199,2,Visited Harbor House Café last weekend. The portions were way too small for the price. The staff seemed annoyed to be there. Expected a lot more given the reviews.,LABEL_1,positive,0.569606602191925
200,5,Stopped by Harbor House Café for the first time. The music and decor set the perfect mood. Every dish was bursting with flavor. Already planning my next visit.,LABEL_1,positive,0.5631158947944641
201,5,Regular customer at Harbor House Café here. The staff were warm and attentive. The food was absolutely delicious. This is now my go-to spot.,LABEL_1,positive,0.5688938498497009
202,5,Tried Harbor House Café after seeing it recommended online. The music and decor set the perfect mood. They went out of their way to accommodate my allergy. Five stars without hesitation.,LABEL_1,positive,0.5904501080513
203,5,Came to Harbor House Café for a birthday brunch. Best brunch i've had in months. They went out of their way to accommodate my allergy. Great value for what you get. Highly recommend to anyone in the area.,LABEL_1,positive,0.5560222268104553
204,5,"Came to Harbor House Café for a birthday brunch. Every dish was bursting with flavor. The cashier was rude when i asked about the menu, but honestly the food made up for it. Already planning my next visit.",LABEL_1,positive,0.5836606025695801
205,5,Visited Harbor House Café last weekend. The staff were warm and attentive. The music and decor set the perfect mood. Highly recommend to anyone in the area.,LABEL_1,positive,0.5539631843566895
206,2,Came to Harbor House Café for a birthday brunch. My eggs came out cold. The cashier was rude when i asked about the menu. Expected a lot more given the reviews.,LABEL_1,positive,0.5833991765975952
207,5,Tried Harbor House Café after seeing it recommended online. Loved the natural light and the plants everywhere. The sourdough bread alone is worth the visit. Worth every penny. Already planning my next visit.,LABEL_1,positive,0.5411286354064941
208,5,Visited Harbor House Café last weekend. The staff were warm and attentive. The seasonal menu never disappoints. Worth every penny. This is now my go-to spot.,LABEL_1,positive,0.5549867153167725
209,5,Stopped by Harbor House Café for the first time. Great spot to work or catch up with friends. The staff were warm and attentive. Worth every penny. Already planning my next visit.,LABEL_1,positive,0.5319859981536865
210,5,The coffee was rich and perfectly brewed. Service was fast and friendly. Worth every penny. Already planning my next visit.,LABEL_1,positive,0.5683092474937439
211,5,Regular customer at Harbor House Café here. They went out of their way to accommodate my allergy. The pastries were incredible. This is now my go-to spot.,LABEL_1,positive,0.5635372996330261
212,5,"Regular customer at Harbor House Café here. The place has such a cozy, welcoming vibe. The team clearly cares about the customers. This is now my go-to spot.",LABEL_1,positive,0.5812142491340637
213,5,Grabbed a quick coffee at Harbor House Café this morning. Great spot to work or catch up with friends. The staff were warm and attentive. Great value for what you get. Already planning my next visit.,LABEL_1,positive,0.5567407011985779
214,5,Stopped by Harbor House Café for the first time. They went out of their way to accommodate my allergy. Best brunch i've had in months. Worth every penny. This is now my go-to spot.,LABEL_1,positive,0.5512445569038391
215,3,"Came to Harbor House Café for a birthday brunch. Average sandwiches, nothing to write home about. Nobody checked on us the entire meal. Wouldn't go out of my way, but wouldn't avoid it either.",LABEL_1,positive,0.5311540961265564
216,5,Stopped by Harbor House Café for the first time. The team clearly cares about the customers. The sourdough bread alone is worth the visit. This is now my go-to spot.,LABEL_1,positive,0.5694877505302429
217,5,Stopped by Harbor House Café for the first time. They went out of their way to accommodate my allergy. The music and decor set the perfect mood. Reasonably priced for the quality. Five stars without hesitation.,LABEL_1,positive,0.5765926837921143
218,2,Regular customer at Harbor House Café here. The pastry was stale. We waited 25 minutes just to get water. Disappointing experience overall.,LABEL_1,positive,0.5766169428825378
219,5,"Visited Harbor House Café last weekend. The staff were warm and attentive. The place has such a cozy, welcoming vibe. Great value for what you get. Will definitely be back!",LABEL_1,positive,0.5632832050323486
220,5,Visited Harbor House Café last weekend. They went out of their way to accommodate my allergy. Great spot to work or catch up with friends. This is now my go-to spot.,LABEL_1,positive,0.5675138235092163
221,5,Came to Harbor House Café for a birthday brunch. Loved the natural light and the plants everywhere. The pastries were incredible. Worth every penny. Highly recommend to anyone in the area.,LABEL_1,positive,0.515822172164917
222,4,"The food was absolutely delicious. Average service, no complaints, but overall a solid experience. It's fine for a quick stop.",LABEL_1,positive,0.587422251701355
223,1,Came to Harbor House Café for a birthday brunch. The pastry was stale. The cashier was rude when i asked about the menu. Tables were sticky and the floor hadn't been swept. Probably won't recommend it to friends.,LABEL_1,positive,0.5736684203147888
224,4,"Best brunch i've had in months. The staff were polite but a bit slow, but overall a solid experience. Might give it another shot.",LABEL_1,positive,0.5629830360412598
225,5,"Stopped by Harbor House Café for the first time. The place has such a cozy, welcoming vibe. The staff were warm and attentive. This is now my go-to spot.",LABEL_1,positive,0.5670903325080872
226,5,"The place has such a cozy, welcoming vibe. Our server remembered our names by the second visit. Reasonably priced for the quality. Five stars without hesitation.",LABEL_1,positive,0.5942171216011047
227,5,The music and decor set the perfect mood. The staff were warm and attentive. Already planning my next visit.,LABEL_1,positive,0.5675766468048096
228,5,Stopped by Harbor House Café for the first time. Service was fast and friendly. The music and decor set the perfect mood. Already planning my next visit.,LABEL_1,positive,0.5700300335884094
229,5,Grabbed a quick coffee at Harbor House Café this morning. They went out of their way to accommodate my allergy. Loved the natural light and the plants everywhere. Five stars without hesitation.,LABEL_1,positive,0.551001787185669
230,2,Grabbed a quick coffee at Harbor House Café this morning. The menu is fine but a bit repetitive. The staff were polite but a bit slow. Just didn't love it enough to come back.,LABEL_1,positive,0.5771015882492065
231,5,They went out of their way to accommodate my allergy. The seasonal menu never disappoints. Great value for what you get. This is now my go-to spot.,LABEL_1,positive,0.587364673614502
232,5,Regular customer at Harbor House Café here. Every dish was bursting with flavor. The team clearly cares about the customers. Great value for what you get. Will definitely be back!,LABEL_1,positive,0.5646849870681763
233,3,Stopped by Harbor House Café for the first time. The coffee was okay. The staff were polite but a bit slow. Might give it another shot.,LABEL_1,positive,0.5490472912788391
234,5,Visited Harbor House Café last weekend. The coffee was rich and perfectly brewed. The music and decor set the perfect mood. Worth every penny. Will definitely be back!,LABEL_1,positive,0.5491607189178467
235,4,"Came to Harbor House Café for a birthday brunch. The pastries were incredible. The staff were polite but a bit slow, but overall a solid experience. Will definitely be back!",LABEL_1,positive,0.5506956577301025
236,5,Came to Harbor House Café for a birthday brunch. Our server remembered our names by the second visit. Great spot to work or catch up with friends. Reasonably priced for the quality. Highly recommend to anyone in the area.,LABEL_1,positive,0.5590800642967224
237,5,Visited Harbor House Café last weekend. The coffee was rich and perfectly brewed. The music and decor set the perfect mood. Worth every penny. Five stars without hesitation.,LABEL_1,positive,0.5573398470878601
238,5,Service was fast and friendly. The pastries were incredible. Reasonably priced for the quality. Will definitely be back!,LABEL_1,positive,0.5531076788902283
239,3,Came to Harbor House Café for a birthday brunch. The menu is fine but a bit repetitive. The staff were polite but a bit slow. It's fine for a quick stop.,LABEL_1,positive,0.5873690843582153
240,5,Tried Harbor House Café after seeing it recommended online. Great spot to work or catch up with friends. Best brunch i've had in months. Worth every penny. This is now my go-to spot.,LABEL_1,positive,0.550186038017273
241,5,Visited Harbor House Café last weekend. Service was fast and friendly. The music and decor set the perfect mood. Already planning my next visit.,LABEL_1,positive,0.5632948875427246
242,4,"Stopped by Harbor House Café for the first time. Best brunch i've had in months. The staff seemed annoyed to be there, but overall a solid experience. Already planning my next visit.",LABEL_1,positive,0.5580376386642456
243,2,Stopped by Harbor House Café for the first time. The pastry was stale. Nobody checked on us the entire meal. Not sure I'll be returning.,LABEL_1,positive,0.5636056065559387
244,5,The staff were warm and attentive. The sourdough bread alone is worth the visit. Great value for what you get. Already planning my next visit.,LABEL_1,positive,0.571304202079773
245,5,Stopped by Harbor House Café for the first time. The seasonal menu never disappoints. Our server remembered our names by the second visit. This is now my go-to spot.,LABEL_1,positive,0.5869410634040833
246,5,Regular customer at Harbor House Café here. Great spot to work or catch up with friends. The seasonal menu never disappoints. Highly recommend to anyone in the area.,LABEL_1,positive,0.556357204914093
247,4,"Came to Harbor House Café for a birthday brunch. Every dish was bursting with flavor. Service was fine, nothing memorable, but overall a solid experience. Highly recommend to anyone in the area.",LABEL_1,positive,0.5548655390739441
248,5,Stopped by Harbor House Café for the first time. The sourdough bread alone is worth the visit. The team clearly cares about the customers. Great value for what you get. Highly recommend to anyone in the area.,LABEL_1,positive,0.5527876019477844
249,5,Came to Harbor House Café for a birthday brunch. Best brunch i've had in months. Our server remembered our names by the second visit. Reasonably priced for the quality. This is now my go-to spot.,LABEL_1,positive,0.5717278122901917
250,5,"Regular customer at Harbor House Café here. Fresh ingredients you can really taste. We waited 25 minutes just to get water, but honestly the food made up for it. Highly recommend to anyone in the area.",LABEL_1,positive,0.5483661890029907
251,5,Tried Harbor House Café after seeing it recommended online. Loved the natural light and the plants everywhere. Our server remembered our names by the second visit. Worth every penny. Already planning my next visit.,LABEL_1,positive,0.5507163405418396
252,5,Visited Harbor House Café last weekend. The pastries were incredible. The music and decor set the perfect mood. Five stars without hesitation.,LABEL_1,positive,0.5513404011726379
253,4,"Stopped by Harbor House Café for the first time. Every dish was bursting with flavor. Average service, no complaints, but overall a solid experience. This is now my go-to spot.",LABEL_1,positive,0.5610518455505371
254,5,Stopped by Harbor House Café for the first time. They went out of their way to accommodate my allergy. Great spot to work or catch up with friends. Will definitely be back!,LABEL_1,positive,0.5463569164276123
255,4,"Grabbed a quick coffee at Harbor House Café this morning. The seasonal menu never disappoints. Average service, no complaints, but overall a solid experience. Will definitely be back!",LABEL_1,positive,0.571051299571991
256,5,Tried Harbor House Café after seeing it recommended online. The pastries were incredible. Great spot to work or catch up with friends. Worth every penny. This is now my go-to spot.,LABEL_1,positive,0.5494896769523621
257,5,"Came to Harbor House Café for a birthday brunch. Our server remembered our names by the second visit. The place has such a cozy, welcoming vibe. Already planning my next visit.",LABEL_1,positive,0.5852380394935608
258,5,Grabbed a quick coffee at Harbor House Café this morning. The pastries were incredible. The staff were warm and attentive. Reasonably priced for the quality. This is now my go-to spot.,LABEL_1,positive,0.5663881301879883
259,5,"Came to Harbor House Café for a birthday brunch. The sourdough bread alone is worth the visit. The cashier was rude when i asked about the menu, but honestly the food made up for it. Highly recommend to anyone in the area.",LABEL_1,positive,0.5784761905670166
260,5,Regular customer at Harbor House Café here. The team clearly cares about the customers. The music and decor set the perfect mood. Five stars without hesitation.,LABEL_1,positive,0.5848473906517029
261,5,"The coffee was rich and perfectly brewed. Our server got our order wrong twice, but honestly the food made up for it. Will definitely be back!",LABEL_1,positive,0.5832288265228271
262,5,The coffee was rich and perfectly brewed. Great spot to work or catch up with friends. Five stars without hesitation.,LABEL_1,positive,0.5587078332901001
263,5,Grabbed a quick coffee at Harbor House Café this morning. The team clearly cares about the customers. The music and decor set the perfect mood. Great value for what you get. Will definitely be back!,LABEL_1,positive,0.5779106616973877
264,5,Grabbed a quick coffee at Harbor House Café this morning. Loved the natural light and the plants everywhere. The pastries were incredible. Highly recommend to anyone in the area.,LABEL_1,positive,0.53091961145401
265,5,Best brunch i've had in months. The team clearly cares about the customers. Five stars without hesitation.,LABEL_1,positive,0.5896733999252319
266,5,"Grabbed a quick coffee at Harbor House Café this morning. The place has such a cozy, welcoming vibe. Our server remembered our names by the second visit. Reasonably priced for the quality. Already planning my next visit.",LABEL_1,positive,0.5801967978477478
267,5,Regular customer at Harbor House Café here. The team clearly cares about the customers. Every dish was bursting with flavor. Worth every penny. Will definitely be back!,LABEL_1,positive,0.5624586343765259
268,5,Stopped by Harbor House Café for the first time. The food was absolutely delicious. The team clearly cares about the customers. Five stars without hesitation.,LABEL_1,positive,0.5723361968994141
269,4,"Tried Harbor House Café after seeing it recommended online. Best brunch i've had in months. Service was fine, nothing memorable, but overall a solid experience. Highly recommend to anyone in the area.",LABEL_1,positive,0.5548961758613586
270,5,Stopped by Harbor House Café for the first time. Our server remembered our names by the second visit. Every dish was bursting with flavor. Great value for what you get. Will definitely be back!,LABEL_1,positive,0.557721734046936
271,5,Regular customer at Harbor House Café here. Service was fast and friendly. Great spot to work or catch up with friends. Will definitely be back!,LABEL_1,positive,0.539699137210846
272,5,Regular customer at Harbor House Café here. The sourdough bread alone is worth the visit. Service was fast and friendly. Will definitely be back!,LABEL_1,positive,0.5478338003158569
273,4,Best brunch i've had in months. Our server remembered our names by the second visit. Five stars without hesitation.,LABEL_1,positive,0.5846731066703796
274,5,"Stopped by Harbor House Café for the first time. Every dish was bursting with flavor. The place has such a cozy, welcoming vibe. Five stars without hesitation.",LABEL_1,positive,0.5865015983581543
275,5,"Visited Harbor House Café last weekend. The place has such a cozy, welcoming vibe. The team clearly cares about the customers. Will definitely be back!",LABEL_1,positive,0.5789867639541626
276,5,Regular customer at Harbor House Café here. Our server remembered our names by the second visit. Loved the natural light and the plants everywhere. Highly recommend to anyone in the area.,LABEL_1,positive,0.5452011227607727
277,4,"Regular customer at Harbor House Café here. The sourdough bread alone is worth the visit. Service was fine, nothing memorable, but overall a solid experience. Will definitely be back!",LABEL_1,positive,0.5461639761924744
278,3,"Came to Harbor House Café for a birthday brunch. Average sandwiches, nothing to write home about. Service was fine, nothing memorable. Wouldn't go out of my way, but wouldn't avoid it either.",LABEL_1,positive,0.5338982343673706
279,5,Visited Harbor House Café last weekend. Great spot to work or catch up with friends. The team clearly cares about the customers. Highly recommend to anyone in the area.,LABEL_1,positive,0.5560426712036133
280,5,Stopped by Harbor House Café for the first time. Our server remembered our names by the second visit. Great spot to work or catch up with friends. Reasonably priced for the quality. Highly recommend to anyone in the area.,LABEL_1,positive,0.5482401251792908
281,5,Came to Harbor House Café for a birthday brunch. The food was absolutely delicious. The music and decor set the perfect mood. Highly recommend to anyone in the area.,LABEL_1,positive,0.5762627720832825
282,5,Stopped by Harbor House Café for the first time. They went out of their way to accommodate my allergy. The food was absolutely delicious. Five stars without hesitation.,LABEL_1,positive,0.5750882029533386
283,4,"Stopped by Harbor House Café for the first time. The pastries were incredible. The staff were polite but a bit slow, but overall a solid experience. This is now my go-to spot.",LABEL_1,positive,0.5517117381095886
284,5,Grabbed a quick coffee at Harbor House Café this morning. The music and decor set the perfect mood. The food was absolutely delicious. Worth every penny. Already planning my next visit.,LABEL_1,positive,0.5741640329360962
285,5,Came to Harbor House Café for a birthday brunch. Service was fast and friendly. The pastries were incredible. Highly recommend to anyone in the area.,LABEL_1,positive,0.5430467128753662
286,4,"Came to Harbor House Café for a birthday brunch. The coffee was rich and perfectly brewed. Service was fine, nothing memorable, but overall a solid experience. Wouldn't go out of my way, but wouldn't avoid it either.",LABEL_1,positive,0.5628904700279236
287,5,Grabbed a quick coffee at Harbor House Café this morning. Best brunch i've had in months. The music and decor set the perfect mood. Five stars without hesitation.,LABEL_1,positive,0.5690609812736511
288,5,Regular customer at Harbor House Café here. The music and decor set the perfect mood. The sourdough bread alone is worth the visit. This is now my go-to spot.,LABEL_1,positive,0.5543697476387024
289,5,Every dish was bursting with flavor. Our server remembered our names by the second visit. Worth every penny. Five stars without hesitation.,LABEL_1,positive,0.5724285840988159
290,5,Grabbed a quick coffee at Harbor House Café this morning. Best brunch i've had in months. They went out of their way to accommodate my allergy. Five stars without hesitation.,LABEL_1,positive,0.5687184929847717
291,5,"Visited Harbor House Café last weekend. Fresh ingredients you can really taste. Our server got our order wrong twice, but honestly the food made up for it. Already planning my next visit.",LABEL_1,positive,0.5579869151115417
292,5,Grabbed a quick coffee at Harbor House Café this morning. The music and decor set the perfect mood. Our server remembered our names by the second visit. Already planning my next visit.,LABEL_1,positive,0.566146969795227
293,5,Came to Harbor House Café for a birthday brunch. The sourdough bread alone is worth the visit. Our server remembered our names by the second visit. Worth every penny. Already planning my next visit.,LABEL_1,positive,0.5609646439552307
294,5,Tried Harbor House Café after seeing it recommended online. They went out of their way to accommodate my allergy. Fresh ingredients you can really taste. Worth every penny. Already planning my next visit.,LABEL_1,positive,0.5827159285545349
295,5,"The place has such a cozy, welcoming vibe. Our server remembered our names by the second visit. This is now my go-to spot.",LABEL_1,positive,0.5909415483474731
296,5,"The place has such a cozy, welcoming vibe. Service was fast and friendly. This is now my go-to spot.",LABEL_1,positive,0.5869810581207275
297,5,Fresh ingredients you can really taste. Loved the natural light and the plants everywhere. Highly recommend to anyone in the area.,LABEL_1,positive,0.5318183898925781
298,5,Stopped by Harbor House Café for the first time. Service was fast and friendly. Great spot to work or catch up with friends. This is now my go-to spot.,LABEL_1,positive,0.5507978796958923
299,5,"Grabbed a quick coffee at Harbor House Café this morning. The place has such a cozy, welcoming vibe. The staff were warm and attentive. This is now my go-to spot.",LABEL_1,positive,0.5876827239990234
300,5,Came to Harbor House Café for a birthday brunch. The music and decor set the perfect mood. The staff were warm and attentive. Worth every penny. This is now my go-to spot.,LABEL_1,positive,0.5645694136619568
301,5,Grabbed a quick coffee at Harbor House Café this morning. Loved the natural light and the plants everywhere. Our server remembered our names by the second visit. Great value for what you get. Five stars without hesitation.,LABEL_1,positive,0.5650643110275269
302,5,Tried Harbor House Café after seeing it recommended online. Best brunch i've had in months. Loved the natural light and the plants everywhere. Already planning my next visit.,LABEL_1,positive,0.5503637194633484
303,5,Stopped by Harbor House Café for the first time. The pastries were incredible. Our server remembered our names by the second visit. Worth every penny. Already planning my next visit.,LABEL_1,positive,0.5417481064796448
304,5,Stopped by Harbor House Café for the first time. Service was fast and friendly. Loved the natural light and the plants everywhere. This is now my go-to spot.,LABEL_1,positive,0.5383036732673645
305,5,Regular customer at Harbor House Café here. Great spot to work or catch up with friends. They went out of their way to accommodate my allergy. Will definitely be back!,LABEL_1,positive,0.5462451577186584
306,5,The team clearly cares about the customers. The coffee was rich and perfectly brewed. Will definitely be back!,LABEL_1,positive,0.5739755034446716
307,5,"Stopped by Harbor House Café for the first time. The place has such a cozy, welcoming vibe. The sourdough bread alone is worth the visit. Great value for what you get. Five stars without hesitation.",LABEL_1,positive,0.5707578063011169
308,5,Came to Harbor House Café for a birthday brunch. They went out of their way to accommodate my allergy. The music and decor set the perfect mood. Worth every penny. Will definitely be back!,LABEL_1,positive,0.562437117099762
309,5,Came to Harbor House Café for a birthday brunch. The music and decor set the perfect mood. The team clearly cares about the customers. Worth every penny. Will definitely be back!,LABEL_1,positive,0.5594447255134583
310,4,"Tried Harbor House Café after seeing it recommended online. The sourdough bread alone is worth the visit. The staff were polite but a bit slow, but overall a solid experience. It's fine for a quick stop.",LABEL_1,positive,0.5953924655914307
311,3,"Tried Harbor House Café after seeing it recommended online. The food was decent, nothing special. Nobody checked on us the entire meal. Might give it another shot.",LABEL_1,positive,0.5710235238075256
312,5,The music and decor set the perfect mood. The food was absolutely delicious. Worth every penny. Highly recommend to anyone in the area.,LABEL_1,positive,0.5700839757919312
313,3,"Tried Harbor House Café after seeing it recommended online. Average sandwiches, nothing to write home about. The staff were polite but a bit slow. It's fine for a quick stop.",LABEL_1,positive,0.5867734551429749
314,1,Regular customer at Harbor House Café here. My eggs came out cold. Nobody checked on us the entire meal. Not sure I'll be returning.,LABEL_1,positive,0.5679133534431458
315,5,Tried Harbor House Café after seeing it recommended online. The staff were warm and attentive. The coffee was rich and perfectly brewed. Will definitely be back!,LABEL_1,positive,0.5680488348007202
316,4,"Every dish was bursting with flavor. Service was fine, nothing memorable, but overall a solid experience. Five stars without hesitation.",LABEL_1,positive,0.5603340268135071
317,5,"Best brunch i've had in months. Nobody checked on us the entire meal, but honestly the food made up for it. This is now my go-to spot.",LABEL_1,positive,0.5695675611495972
318,5,The staff were warm and attentive. The coffee was rich and perfectly brewed. This is now my go-to spot.,LABEL_1,positive,0.5680004358291626
319,5,Visited Harbor House Café last weekend. Our server remembered our names by the second visit. Great spot to work or catch up with friends. Reasonably priced for the quality. Highly recommend to anyone in the area.,LABEL_1,positive,0.5502233505249023
320,4,"Tried Harbor House Café after seeing it recommended online. Fresh ingredients you can really taste. The staff seemed annoyed to be there, but overall a solid experience. It's fine for a quick stop.",LABEL_1,positive,0.596047580242157
321,5,"Tried Harbor House Café after seeing it recommended online. Fresh ingredients you can really taste. We waited 25 minutes just to get water, but honestly the food made up for it. Highly recommend to anyone in the area.",LABEL_1,positive,0.5610784292221069
322,5,"Every dish was bursting with flavor. The staff seemed annoyed to be there, but honestly the food made up for it. Will definitely be back!",LABEL_1,positive,0.5797479748725891
323,3,"Grabbed a quick coffee at Harbor House Café this morning. The food was decent, nothing special. Nobody checked on us the entire meal. It's fine for a quick stop.",LABEL_1,positive,0.5771251916885376
324,4,"Came to Harbor House Café for a birthday brunch. The food was absolutely delicious. We waited 25 minutes just to get water, but overall a solid experience. It's fine for a quick stop.",LABEL_1,positive,0.5794894099235535
325,5,Came to Harbor House Café for a birthday brunch. Loved the natural light and the plants everywhere. The team clearly cares about the customers. Already planning my next visit.,LABEL_1,positive,0.5490409135818481
326,3,"Came to Harbor House Café for a birthday brunch. The menu is fine but a bit repetitive. Average service, no complaints. Wouldn't go out of my way, but wouldn't avoid it either.",LABEL_1,positive,0.576076090335846
327,5,Stopped by Harbor House Café for the first time. Service was fast and friendly. Great spot to work or catch up with friends. Reasonably priced for the quality. Will definitely be back!,LABEL_1,positive,0.5372999906539917
328,4,"Regular customer at Harbor House Café here. Fresh ingredients you can really taste. We waited 25 minutes just to get water, but overall a solid experience. Will definitely be back!",LABEL_1,positive,0.5551711320877075
329,5,"The place has such a cozy, welcoming vibe. The coffee was rich and perfectly brewed. Already planning my next visit.",LABEL_1,positive,0.5970898270606995
330,4,"Tried Harbor House Café after seeing it recommended online. The seasonal menu never disappoints. Service was fine, nothing memorable, but overall a solid experience. It's fine for a quick stop.",LABEL_1,positive,0.602489709854126
331,5,Regular customer at Harbor House Café here. The music and decor set the perfect mood. The food was absolutely delicious. Worth every penny. Five stars without hesitation.,LABEL_1,positive,0.566542387008667
332,5,Stopped by Harbor House Café for the first time. They went out of their way to accommodate my allergy. The coffee was rich and perfectly brewed. Already planning my next visit.,LABEL_1,positive,0.5669084787368774
333,4,"Came to Harbor House Café for a birthday brunch. Best brunch i've had in months. Average service, no complaints, but overall a solid experience. Wouldn't go out of my way, but wouldn't avoid it either.",LABEL_1,positive,0.5396983027458191
334,5,Regular customer at Harbor House Café here. The coffee was rich and perfectly brewed. Our server remembered our names by the second visit. Highly recommend to anyone in the area.,LABEL_1,positive,0.5662296414375305
335,5,"Tried Harbor House Café after seeing it recommended online. The place has such a cozy, welcoming vibe. The staff were warm and attentive. Worth every penny. Will definitely be back!",LABEL_1,positive,0.5778273344039917
336,4,Regular customer at Harbor House Café here. Best brunch i've had in months. The staff were warm and attentive. Already planning my next visit.,LABEL_1,positive,0.5507974624633789
337,5,Regular customer at Harbor House Café here. Our server remembered our names by the second visit. Great spot to work or catch up with friends. This is now my go-to spot.,LABEL_1,positive,0.561187744140625
338,5,Tried Harbor House Café after seeing it recommended online. The music and decor set the perfect mood. Every dish was bursting with flavor. This is now my go-to spot.,LABEL_1,positive,0.589695394039154
339,2,Regular customer at Harbor House Café here. The coffee tasted burnt. Nobody checked on us the entire meal. Disappointing experience overall.,LABEL_1,positive,0.5664793252944946
340,5,Grabbed a quick coffee at Harbor House Café this morning. Great spot to work or catch up with friends. The team clearly cares about the customers. Will definitely be back!,LABEL_1,positive,0.5557040572166443
341,5,Visited Harbor House Café last weekend. Great spot to work or catch up with friends. The pastries were incredible. Reasonably priced for the quality. Already planning my next visit.,LABEL_1,positive,0.5426749587059021
342,1,Regular customer at Harbor House Café here. The coffee tasted burnt. Nobody checked on us the entire meal. The place felt cramped and chaotic. Expected a lot more given the reviews.,LABEL_1,positive,0.5555449724197388
343,5,Tried Harbor House Café after seeing it recommended online. Our server remembered our names by the second visit. The sourdough bread alone is worth the visit. Worth every penny. Highly recommend to anyone in the area.,LABEL_1,positive,0.5632617473602295
344,3,Came to Harbor House Café for a birthday brunch. The menu is fine but a bit repetitive. Our server got our order wrong twice. Might give it another shot.,LABEL_1,positive,0.5883306264877319
345,3,"Tried Harbor House Café after seeing it recommended online. Average sandwiches, nothing to write home about. The staff were polite but a bit slow. It's fine for a quick stop.",LABEL_1,positive,0.5867734551429749
346,5,Regular customer at Harbor House Café here. The team clearly cares about the customers. Great spot to work or catch up with friends. Great value for what you get. This is now my go-to spot.,LABEL_1,positive,0.5691295862197876
347,5,Visited Harbor House Café last weekend. Service was fast and friendly. Best brunch i've had in months. Already planning my next visit.,LABEL_1,positive,0.5633888840675354
348,5,Visited Harbor House Café last weekend. The pastries were incredible. The music and decor set the perfect mood. Great value for what you get. Five stars without hesitation.,LABEL_1,positive,0.5480062365531921
349,5,Grabbed a quick coffee at Harbor House Café this morning. The team clearly cares about the customers. Loved the natural light and the plants everywhere. Great value for what you get. Highly recommend to anyone in the area.,LABEL_1,positive,0.5580353736877441
350,4,"Grabbed a quick coffee at Harbor House Café this morning. Best brunch i've had in months. The staff seemed annoyed to be there, but overall a solid experience. Highly recommend to anyone in the area.",LABEL_1,positive,0.5685843229293823
351,5,"Stopped by Harbor House Café for the first time. Service was fast and friendly. The place has such a cozy, welcoming vibe. Will definitely be back!",LABEL_1,positive,0.5724902749061584
352,5,They went out of their way to accommodate my allergy. The seasonal menu never disappoints. Great value for what you get. Five stars without hesitation.,LABEL_1,positive,0.5927335619926453
353,5,Visited Harbor House Café last weekend. Our server remembered our names by the second visit. The music and decor set the perfect mood. Highly recommend to anyone in the area.,LABEL_1,positive,0.5642454624176025
354,5,Stopped by Harbor House Café for the first time. Loved the natural light and the plants everywhere. The staff were warm and attentive. Worth every penny. This is now my go-to spot.,LABEL_1,positive,0.5220224261283875
355,4,"Grabbed a quick coffee at Harbor House Café this morning. Every dish was bursting with flavor. Service was fine, nothing memorable, but overall a solid experience. This is now my go-to spot.",LABEL_1,positive,0.5744109749794006
356,5,"Visited Harbor House Café last weekend. The place has such a cozy, welcoming vibe. They went out of their way to accommodate my allergy. Will definitely be back!",LABEL_1,positive,0.581032931804657
357,5,Visited Harbor House Café last weekend. The sourdough bread alone is worth the visit. The music and decor set the perfect mood. Highly recommend to anyone in the area.,LABEL_1,positive,0.5495460033416748
358,5,Came to Harbor House Café for a birthday brunch. The music and decor set the perfect mood. The staff were warm and attentive. Reasonably priced for the quality. This is now my go-to spot.,LABEL_1,positive,0.5782949924468994
359,3,"Tried Harbor House Café after seeing it recommended online. The food was decent, nothing special. Service was fine, nothing memorable. Might give it another shot.",LABEL_1,positive,0.5710355639457703
360,5,Visited Harbor House Café last weekend. The food was absolutely delicious. Loved the natural light and the plants everywhere. Will definitely be back!,LABEL_1,positive,0.5389540195465088
361,4,"Stopped by Harbor House Café for the first time. The seasonal menu never disappoints. Average service, no complaints, but overall a solid experience. This is now my go-to spot.",LABEL_1,positive,0.5718867182731628
362,3,"Stopped by Harbor House Café for the first time. The coffee was okay. Average service, no complaints. It's fine for a quick stop.",LABEL_1,positive,0.5709145069122314
363,5,Regular customer at Harbor House Café here. The music and decor set the perfect mood. Our server remembered our names by the second visit. Five stars without hesitation.,LABEL_1,positive,0.576630175113678
364,5,Regular customer at Harbor House Café here. Service was fast and friendly. The music and decor set the perfect mood. Five stars without hesitation.,LABEL_1,positive,0.5790722966194153
365,4,"Stopped by Harbor House Café for the first time. The pastries were incredible. The staff seemed annoyed to be there, but overall a solid experience. Five stars without hesitation.",LABEL_1,positive,0.5448242425918579
366,5,Regular customer at Harbor House Café here. The coffee was rich and perfectly brewed. The team clearly cares about the customers. Great value for what you get. Already planning my next visit.,LABEL_1,positive,0.5741367936134338
367,5,Regular customer at Harbor House Café here. The staff were warm and attentive. The pastries were incredible. Worth every penny. Five stars without hesitation.,LABEL_1,positive,0.5413272380828857
368,5,The music and decor set the perfect mood. The food was absolutely delicious. Great value for what you get. Already planning my next visit.,LABEL_1,positive,0.5917870998382568
369,4,"The food was absolutely delicious. The staff seemed annoyed to be there, but overall a solid experience. Highly recommend to anyone in the area.",LABEL_1,positive,0.5741347074508667
370,4,"Stopped by Harbor House Café for the first time. The sourdough bread alone is worth the visit. We waited 25 minutes just to get water, but overall a solid experience. Five stars without hesitation.",LABEL_1,positive,0.575711727142334
371,5,Great spot to work or catch up with friends. Service was fast and friendly. Reasonably priced for the quality. Will definitely be back!,LABEL_1,positive,0.5531376004219055
372,5,Tried Harbor House Café after seeing it recommended online. The food was absolutely delicious. Service was fast and friendly. Highly recommend to anyone in the area.,LABEL_1,positive,0.5816289186477661
373,5,Great spot to work or catch up with friends. The team clearly cares about the customers. Already planning my next visit.,LABEL_1,positive,0.5741536617279053
374,5,The seasonal menu never disappoints. They went out of their way to accommodate my allergy. Reasonably priced for the quality. Highly recommend to anyone in the area.,LABEL_1,positive,0.5895581841468811
375,5,"Grabbed a quick coffee at Harbor House Café this morning. Service was fast and friendly. The place has such a cozy, welcoming vibe. Reasonably priced for the quality. Already planning my next visit.",LABEL_1,positive,0.5954028964042664
376,5,"Tried Harbor House Café after seeing it recommended online. The sourdough bread alone is worth the visit. We waited 25 minutes just to get water, but honestly the food made up for it. This is now my go-to spot.",LABEL_1,positive,0.5795103907585144
377,3,"The menu is fine but a bit repetitive. Service was fine, nothing memorable. Might give it another shot.",LABEL_1,positive,0.5711506009101868
378,5,Visited Harbor House Café last weekend. Loved the natural light and the plants everywhere. The sourdough bread alone is worth the visit. Worth every penny. This is now my go-to spot.,LABEL_1,positive,0.5231243371963501
379,5,Our server remembered our names by the second visit. The sourdough bread alone is worth the visit. This is now my go-to spot.,LABEL_1,positive,0.5829418301582336
380,5,Grabbed a quick coffee at Harbor House Café this morning. The coffee was rich and perfectly brewed. The team clearly cares about the customers. Already planning my next visit.,LABEL_1,positive,0.578015148639679
381,5,Came to Harbor House Café for a birthday brunch. The coffee was rich and perfectly brewed. Loved the natural light and the plants everywhere. Already planning my next visit.,LABEL_1,positive,0.5512862205505371
382,5,Tried Harbor House Café after seeing it recommended online. Great spot to work or catch up with friends. They went out of their way to accommodate my allergy. Worth every penny. This is now my go-to spot.,LABEL_1,positive,0.5653195977210999
383,5,Service was fast and friendly. The pastries were incredible. Already planning my next visit.,LABEL_1,positive,0.5490193963050842
384,5,"Stopped by Harbor House Café for the first time. The place has such a cozy, welcoming vibe. Our server remembered our names by the second visit. Worth every penny. Already planning my next visit.",LABEL_1,positive,0.5606749057769775
385,4,"Regular customer at Harbor House Café here. The sourdough bread alone is worth the visit. We waited 25 minutes just to get water, but overall a solid experience. Will definitely be back!",LABEL_1,positive,0.5580785870552063
386,5,Came to Harbor House Café for a birthday brunch. The coffee was rich and perfectly brewed. Service was fast and friendly. Reasonably priced for the quality. Will definitely be back!,LABEL_1,positive,0.5655478835105896
387,4,"Tried Harbor House Café after seeing it recommended online. The sourdough bread alone is worth the visit. The staff seemed annoyed to be there, but overall a solid experience. It's fine for a quick stop.",LABEL_1,positive,0.5996665954589844
388,5,Came to Harbor House Café for a birthday brunch. Loved the natural light and the plants everywhere. Every dish was bursting with flavor. Reasonably priced for the quality. Five stars without hesitation.,LABEL_1,positive,0.5547462105751038
389,5,Came to Harbor House Café for a birthday brunch. The pastries were incredible. Great spot to work or catch up with friends. Reasonably priced for the quality. This is now my go-to spot.,LABEL_1,positive,0.5521037578582764
390,5,Came to Harbor House Café for a birthday brunch. The coffee was rich and perfectly brewed. Great spot to work or catch up with friends. Great value for what you get. Highly recommend to anyone in the area.,LABEL_1,positive,0.544780969619751
391,4,"Grabbed a quick coffee at Harbor House Café this morning. The food was absolutely delicious. Average service, no complaints, but overall a solid experience. Will definitely be back!",LABEL_1,positive,0.5743196606636047
392,5,Stopped by Harbor House Café for the first time. Great spot to work or catch up with friends. Fresh ingredients you can really taste. Highly recommend to anyone in the area.,LABEL_1,positive,0.5297113060951233
393,5,Regular customer at Harbor House Café here. The pastries were incredible. Great spot to work or catch up with friends. This is now my go-to spot.,LABEL_1,positive,0.5416386723518372
394,5,Visited Harbor House Café last weekend. Service was fast and friendly. The pastries were incredible. Reasonably priced for the quality. Highly recommend to anyone in the area.,LABEL_1,positive,0.5406996607780457
395,4,"The food was absolutely delicious. We waited 25 minutes just to get water, but overall a solid experience. Might give it another shot.",LABEL_1,positive,0.5756974816322327
396,4,"Tried Harbor House Café after seeing it recommended online. The coffee was rich and perfectly brewed. Service was fine, nothing memorable, but overall a solid experience. This is now my go-to spot.",LABEL_1,positive,0.5836716890335083
397,4,"Grabbed a quick coffee at Harbor House Café this morning. The sourdough bread alone is worth the visit. The staff seemed annoyed to be there, but overall a solid experience. Wouldn't go out of my way, but wouldn't avoid it either.",LABEL_1,positive,0.5632808804512024
398,5,Regular customer at Harbor House Café here. The music and decor set the perfect mood. The seasonal menu never disappoints. Reasonably priced for the quality. Highly recommend to anyone in the area.,LABEL_1,positive,0.560251772403717
399,5,"Regular customer at Harbor House Café here. The pastries were incredible. We waited 25 minutes just to get water, but honestly the food made up for it. Highly recommend to anyone in the area.",LABEL_1,positive,0.5523514151573181
400,5,"Grabbed a quick coffee at Harbor House Café this morning. The sourdough bread alone is worth the visit. The staff seemed annoyed to be there, but honestly the food made up for it. Five stars without hesitation.",LABEL_1,positive,0.5717424154281616
401,5,"Stopped by Harbor House Café for the first time. Best brunch i've had in months. Nobody checked on us the entire meal, but honestly the food made up for it. Will definitely be back!",LABEL_1,positive,0.5418387651443481
402,5,Regular customer at Harbor House Café here. The pastries were incredible. Service was fast and friendly. Great value for what you get. Highly recommend to anyone in the area.,LABEL_1,positive,0.5432078838348389
403,5,Visited Harbor House Café last weekend. Our server remembered our names by the second visit. Loved the natural light and the plants everywhere. Will definitely be back!,LABEL_1,positive,0.5500029921531677
404,5,Grabbed a quick coffee at Harbor House Café this morning. Loved the natural light and the plants everywhere. The sourdough bread alone is worth the visit. Five stars without hesitation.,LABEL_1,positive,0.5497621893882751
405,4,"Tried Harbor House Café after seeing it recommended online. The food was absolutely delicious. The staff were polite but a bit slow, but overall a solid experience. Already planning my next visit.",LABEL_1,positive,0.5837616324424744
406,4,"Visited Harbor House Café last weekend. The seasonal menu never disappoints. The staff were polite but a bit slow, but overall a solid experience. Wouldn't go out of my way, but wouldn't avoid it either.",LABEL_1,positive,0.5654277205467224
407,3,"The food was decent, nothing special. Average service, no complaints. Might give it another shot.",LABEL_1,positive,0.5601752996444702
408,5,Came to Harbor House Café for a birthday brunch. Every dish was bursting with flavor. The team clearly cares about the customers. Five stars without hesitation.,LABEL_1,positive,0.5767433047294617
409,5,Tried Harbor House Café after seeing it recommended online. Every dish was bursting with flavor. Service was fast and friendly. Already planning my next visit.,LABEL_1,positive,0.5855444669723511
410,5,Grabbed a quick coffee at Harbor House Café this morning. The music and decor set the perfect mood. Our server remembered our names by the second visit. Highly recommend to anyone in the area.,LABEL_1,positive,0.5739874243736267
411,5,"Stopped by Harbor House Café for the first time. Best brunch i've had in months. The place has such a cozy, welcoming vibe. Great value for what you get. Five stars without hesitation.",LABEL_1,positive,0.5720415115356445
412,4,"Came to Harbor House Café for a birthday brunch. The coffee was rich and perfectly brewed. We waited 25 minutes just to get water, but overall a solid experience. It's fine for a quick stop.",LABEL_1,positive,0.5741731524467468
413,5,Regular customer at Harbor House Café here. The music and decor set the perfect mood. Our server remembered our names by the second visit. Great value for what you get. Five stars without hesitation.,LABEL_1,positive,0.5699803233146667
414,5,Came to Harbor House Café for a birthday brunch. Service was fast and friendly. The music and decor set the perfect mood. This is now my go-to spot.,LABEL_1,positive,0.5806018710136414
415,5,Came to Harbor House Café for a birthday brunch. They went out of their way to accommodate my allergy. Great spot to work or catch up with friends. This is now my go-to spot.,LABEL_1,positive,0.5733257532119751
416,3,The coffee was okay. The staff were polite but a bit slow. It's fine for a quick stop.,LABEL_1,positive,0.5606369972229004
417,5,Came to Harbor House Café for a birthday brunch. They went out of their way to accommodate my allergy. The music and decor set the perfect mood. Already planning my next visit.,LABEL_1,positive,0.5689583420753479
418,5,Great spot to work or catch up with friends. Fresh ingredients you can really taste. Great value for what you get. Highly recommend to anyone in the area.,LABEL_1,positive,0.5336760878562927
419,5,Tried Harbor House Café after seeing it recommended online. Fresh ingredients you can really taste. The music and decor set the perfect mood. Worth every penny. Will definitely be back!,LABEL_1,positive,0.5510066747665405
420,5,"Came to Harbor House Café for a birthday brunch. Fresh ingredients you can really taste. Our server got our order wrong twice, but honestly the food made up for it. Already planning my next visit.",LABEL_1,positive,0.563038170337677
421,3,"Grabbed a quick coffee at Harbor House Café this morning. Average sandwiches, nothing to write home about. Average service, no complaints. Might give it another shot.",LABEL_1,positive,0.5583162307739258
422,5,Stopped by Harbor House Café for the first time. The music and decor set the perfect mood. The pastries were incredible. Reasonably priced for the quality. This is now my go-to spot.,LABEL_1,positive,0.5611552596092224
423,5,Visited Harbor House Café last weekend. Fresh ingredients you can really taste. They went out of their way to accommodate my allergy. Will definitely be back!,LABEL_1,positive,0.5620537400245667
424,5,Regular customer at Harbor House Café here. Great spot to work or catch up with friends. Our server remembered our names by the second visit. This is now my go-to spot.,LABEL_1,positive,0.5612465143203735
425,5,Visited Harbor House Café last weekend. Loved the natural light and the plants everywhere. Service was fast and friendly. Reasonably priced for the quality. Already planning my next visit.,LABEL_1,positive,0.5476356744766235
426,5,Grabbed a quick coffee at Harbor House Café this morning. The staff were warm and attentive. Great spot to work or catch up with friends. Five stars without hesitation.,LABEL_1,positive,0.5536049604415894
427,5,"Stopped by Harbor House Café for the first time. The food was absolutely delicious. The place has such a cozy, welcoming vibe. Reasonably priced for the quality. Five stars without hesitation.",LABEL_1,positive,0.5971850156784058
428,1,Regular customer at Harbor House Café here. The coffee tasted burnt. The staff seemed annoyed to be there. It was way too loud to hold a conversation. Disappointing experience overall.,LABEL_1,positive,0.5643213987350464
429,5,Regular customer at Harbor House Café here. Loved the natural light and the plants everywhere. The food was absolutely delicious. This is now my go-to spot.,LABEL_1,positive,0.5476053953170776
430,5,"Visited Harbor House Café last weekend. The pastries were incredible. The place has such a cozy, welcoming vibe. This is now my go-to spot.",LABEL_1,positive,0.5622225403785706
431,5,Tried Harbor House Café after seeing it recommended online. The sourdough bread alone is worth the visit. The team clearly cares about the customers. Worth every penny. Will definitely be back!,LABEL_1,positive,0.5584758520126343
432,5,"Regular customer at Harbor House Café here. The sourdough bread alone is worth the visit. The place has such a cozy, welcoming vibe. Already planning my next visit.",LABEL_1,positive,0.5626559853553772
433,5,Visited Harbor House Café last weekend. Great spot to work or catch up with friends. The food was absolutely delicious. Reasonably priced for the quality. This is now my go-to spot.,LABEL_1,positive,0.5558772087097168
434,4,"Grabbed a quick coffee at Harbor House Café this morning. The food was absolutely delicious. The staff were polite but a bit slow, but overall a solid experience. Will definitely be back!",LABEL_1,positive,0.582291305065155
435,4,"Regular customer at Harbor House Café here. Best brunch i've had in months. Service was fine, nothing memorable, but overall a solid experience. Five stars without hesitation.",LABEL_1,positive,0.5653025507926941
436,5,Best brunch i've had in months. The music and decor set the perfect mood. This is now my go-to spot.,LABEL_1,positive,0.5615678429603577
437,5,Grabbed a quick coffee at Harbor House Café this morning. Every dish was bursting with flavor. Great spot to work or catch up with friends. Worth every penny. Highly recommend to anyone in the area.,LABEL_1,positive,0.5341489911079407
438,5,The staff were warm and attentive. Best brunch i've had in months. Highly recommend to anyone in the area.,LABEL_1,positive,0.5644062757492065
439,5,Regular customer at Harbor House Café here. Great spot to work or catch up with friends. The staff were warm and attentive. Five stars without hesitation.,LABEL_1,positive,0.5532783269882202
440,5,Regular customer at Harbor House Café here. Every dish was bursting with flavor. Our server remembered our names by the second visit. Reasonably priced for the quality. Already planning my next visit.,LABEL_1,positive,0.5670210719108582
441,5,Grabbed a quick coffee at Harbor House Café this morning. Loved the natural light and the plants everywhere. The team clearly cares about the customers. Reasonably priced for the quality. Highly recommend to anyone in the area.,LABEL_1,positive,0.5487642288208008
442,1,Visited Harbor House Café last weekend. The coffee tasted burnt. The cashier was rude when i asked about the menu. The place felt cramped and chaotic. Not sure I'll be returning.,LABEL_1,positive,0.5732088685035706
443,5,Visited Harbor House Café last weekend. The music and decor set the perfect mood. The staff were warm and attentive. Great value for what you get. Will definitely be back!,LABEL_1,positive,0.5565285086631775
444,4,"Regular customer at Harbor House Café here. The food was absolutely delicious. Service was fine, nothing memorable, but overall a solid experience. Five stars without hesitation.",LABEL_1,positive,0.5727489590644836
445,5,Best brunch i've had in months. Loved the natural light and the plants everywhere. Reasonably priced for the quality. Highly recommend to anyone in the area.,LABEL_1,positive,0.5325363874435425
446,5,Came to Harbor House Café for a birthday brunch. The staff were warm and attentive. The music and decor set the perfect mood. Worth every penny. Five stars without hesitation.,LABEL_1,positive,0.5610811710357666
447,4,"Visited Harbor House Café last weekend. The sourdough bread alone is worth the visit. The staff seemed annoyed to be there, but overall a solid experience. Wouldn't go out of my way, but wouldn't avoid it either.",LABEL_1,positive,0.5627496242523193
448,4,"Grabbed a quick coffee at Harbor House Café this morning. The seasonal menu never disappoints. The staff seemed annoyed to be there, but overall a solid experience. Already planning my next visit.",LABEL_1,positive,0.5815081000328064
449,5,"Tried Harbor House Café after seeing it recommended online. The place has such a cozy, welcoming vibe. Service was fast and friendly. This is now my go-to spot.",LABEL_1,positive,0.586318850517273
450,5,Tried Harbor House Café after seeing it recommended online. The sourdough bread alone is worth the visit. Great spot to work or catch up with friends. Will definitely be back!,LABEL_1,positive,0.5516664385795593
451,3,"Regular customer at Harbor House Café here. Average sandwiches, nothing to write home about. The staff were polite but a bit slow. Might give it another shot.",LABEL_1,positive,0.5565487146377563
452,5,Visited Harbor House Café last weekend. Service was fast and friendly. The coffee was rich and perfectly brewed. Will definitely be back!,LABEL_1,positive,0.5524232387542725
453,5,Came to Harbor House Café for a birthday brunch. Fresh ingredients you can really taste. The team clearly cares about the customers. Reasonably priced for the quality. Already planning my next visit.,LABEL_1,positive,0.5782699584960938
454,5,"Came to Harbor House Café for a birthday brunch. The place has such a cozy, welcoming vibe. Service was fast and friendly. Great value for what you get. Will definitely be back!",LABEL_1,positive,0.5767563581466675
455,5,Our server remembered our names by the second visit. Fresh ingredients you can really taste. Highly recommend to anyone in the area.,LABEL_1,positive,0.5874451994895935
456,5,"Stopped by Harbor House Café for the first time. The place has such a cozy, welcoming vibe. The staff were warm and attentive. Five stars without hesitation.",LABEL_1,positive,0.5764848589897156
457,5,Tried Harbor House Café after seeing it recommended online. The music and decor set the perfect mood. The seasonal menu never disappoints. Great value for what you get. Will definitely be back!,LABEL_1,positive,0.58088618516922
458,5,"Grabbed a quick coffee at Harbor House Café this morning. The place has such a cozy, welcoming vibe. The seasonal menu never disappoints. Five stars without hesitation.",LABEL_1,positive,0.5997636914253235
459,5,"Regular customer at Harbor House Café here. They went out of their way to accommodate my allergy. The place has such a cozy, welcoming vibe. Great value for what you get. This is now my go-to spot.",LABEL_1,positive,0.5857803225517273
460,5,Regular customer at Harbor House Café here. The coffee was rich and perfectly brewed. The staff were warm and attentive. Worth every penny. This is now my go-to spot.,LABEL_1,positive,0.550463855266571
461,5,"Visited Harbor House Café last weekend. Fresh ingredients you can really taste. We waited 25 minutes just to get water, but honestly the food made up for it. Highly recommend to anyone in the area.",LABEL_1,positive,0.5498121976852417
462,5,Tried Harbor House Café after seeing it recommended online. The team clearly cares about the customers. Every dish was bursting with flavor. Already planning my next visit.,LABEL_1,positive,0.5820155739784241
463,5,Tried Harbor House Café after seeing it recommended online. Great spot to work or catch up with friends. The pastries were incredible. This is now my go-to spot.,LABEL_1,positive,0.5614614486694336
464,4,"Regular customer at Harbor House Café here. Every dish was bursting with flavor. Service was fine, nothing memorable, but overall a solid experience. Already planning my next visit.",LABEL_1,positive,0.558638870716095
465,1,Regular customer at Harbor House Café here. The food was bland and overpriced. Our server got our order wrong twice. The place felt cramped and chaotic. Disappointing experience overall.,LABEL_1,positive,0.5651974678039551
466,5,Tried Harbor House Café after seeing it recommended online. The team clearly cares about the customers. The music and decor set the perfect mood. Great value for what you get. Five stars without hesitation.,LABEL_1,positive,0.584494411945343
467,4,"Tried Harbor House Café after seeing it recommended online. Best brunch i've had in months. We waited 25 minutes just to get water, but overall a solid experience. Five stars without hesitation.",LABEL_1,positive,0.577080249786377
468,5,Stopped by Harbor House Café for the first time. Service was fast and friendly. Great spot to work or catch up with friends. Will definitely be back!,LABEL_1,positive,0.5333638191223145
469,5,Grabbed a quick coffee at Harbor House Café this morning. The music and decor set the perfect mood. The sourdough bread alone is worth the visit. Worth every penny. Five stars without hesitation.,LABEL_1,positive,0.5641871094703674
470,5,Stopped by Harbor House Café for the first time. They went out of their way to accommodate my allergy. The music and decor set the perfect mood. Will definitely be back!,LABEL_1,positive,0.5639367699623108
471,5,Visited Harbor House Café last weekend. The food was absolutely delicious. Our server remembered our names by the second visit. Already planning my next visit.,LABEL_1,positive,0.5700026154518127
472,3,"Regular customer at Harbor House Café here. The menu is fine but a bit repetitive. The staff were polite but a bit slow. Wouldn't go out of my way, but wouldn't avoid it either.",LABEL_1,positive,0.5746878981590271
473,5,Tried Harbor House Café after seeing it recommended online. Fresh ingredients you can really taste. The team clearly cares about the customers. Worth every penny. Already planning my next visit.,LABEL_1,positive,0.5696947574615479
474,5,Stopped by Harbor House Café for the first time. Every dish was bursting with flavor. Service was fast and friendly. This is now my go-to spot.,LABEL_1,positive,0.5613678693771362
475,3,"Visited Harbor House Café last weekend. The food was decent, nothing special. Service was fine, nothing memorable. Wouldn't go out of my way, but wouldn't avoid it either.",LABEL_1,positive,0.5449310541152954
476,5,Came to Harbor House Café for a birthday brunch. The food was absolutely delicious. The team clearly cares about the customers. Reasonably priced for the quality. Five stars without hesitation.,LABEL_1,positive,0.5933381915092468
477,5,"Tried Harbor House Café after seeing it recommended online. The coffee was rich and perfectly brewed. We waited 25 minutes just to get water, but honestly the food made up for it. Already planning my next visit.",LABEL_1,positive,0.5717920064926147
478,5,Stopped by Harbor House Café for the first time. The sourdough bread alone is worth the visit. Great spot to work or catch up with friends. This is now my go-to spot.,LABEL_1,positive,0.541826069355011
479,3,"Visited Harbor House Café last weekend. Average sandwiches, nothing to write home about. The staff were polite but a bit slow. Wouldn't go out of my way, but wouldn't avoid it either.",LABEL_1,positive,0.5332542657852173
480,3,"Visited Harbor House Café last weekend. Average sandwiches, nothing to write home about. The staff seemed annoyed to be there. Might give it another shot.",LABEL_1,positive,0.5608221292495728
481,5,Came to Harbor House Café for a birthday brunch. The coffee was rich and perfectly brewed. Loved the natural light and the plants everywhere. Highly recommend to anyone in the area.,LABEL_1,positive,0.5362615585327148
482,5,Grabbed a quick coffee at Harbor House Café this morning. Great spot to work or catch up with friends. The food was absolutely delicious. Great value for what you get. Highly recommend to anyone in the area.,LABEL_1,positive,0.558901309967041
483,5,"Grabbed a quick coffee at Harbor House Café this morning. Fresh ingredients you can really taste. The place has such a cozy, welcoming vibe. Highly recommend to anyone in the area.",LABEL_1,positive,0.5699944496154785
484,5,Grabbed a quick coffee at Harbor House Café this morning. The music and decor set the perfect mood. Our server remembered our names by the second visit. Already planning my next visit.,LABEL_1,positive,0.566146969795227
485,5,Came to Harbor House Café for a birthday brunch. The seasonal menu never disappoints. The team clearly cares about the customers. Worth every penny. This is now my go-to spot.,LABEL_1,positive,0.58384108543396
486,5,Tried Harbor House Café after seeing it recommended online. The seasonal menu never disappoints. Service was fast and friendly. Great value for what you get. Will definitely be back!,LABEL_1,positive,0.5721942782402039
487,5,Tried Harbor House Café after seeing it recommended online. Our server remembered our names by the second visit. The seasonal menu never disappoints. Great value for what you get. This is now my go-to spot.,LABEL_1,positive,0.5849511623382568
488,5,Tried Harbor House Café after seeing it recommended online. The music and decor set the perfect mood. The pastries were incredible. Great value for what you get. Will definitely be back!,LABEL_1,positive,0.563847541809082
489,5,Tried Harbor House Café after seeing it recommended online. Every dish was bursting with flavor. The team clearly cares about the customers. Worth every penny. Already planning my next visit.,LABEL_1,positive,0.5737879276275635
490,5,The music and decor set the perfect mood. The coffee was rich and perfectly brewed. Already planning my next visit.,LABEL_1,positive,0.5807614326477051
491,2,Visited Harbor House Café last weekend. My eggs came out cold. Our server got our order wrong twice. Expected a lot more given the reviews.,LABEL_1,positive,0.5849913954734802
492,5,Stopped by Harbor House Café for the first time. Fresh ingredients you can really taste. Our server remembered our names by the second visit. Five stars without hesitation.,LABEL_1,positive,0.5796347260475159
493,3,"Grabbed a quick coffee at Harbor House Café this morning. Average sandwiches, nothing to write home about. Service was fine, nothing memorable. Wouldn't go out of my way, but wouldn't avoid it either.",LABEL_1,positive,0.5360357165336609
494,5,Visited Harbor House Café last weekend. The food was absolutely delicious. Loved the natural light and the plants everywhere. Worth every penny. Already planning my next visit.,LABEL_1,positive,0.5409684181213379
495,5,Visited Harbor House Café last weekend. Service was fast and friendly. Loved the natural light and the plants everywhere. Great value for what you get. This is now my go-to spot.,LABEL_1,positive,0.5363026261329651
496,5,"Tried Harbor House Café after seeing it recommended online. The coffee was rich and perfectly brewed. The staff seemed annoyed to be there, but honestly the food made up for it. Already planning my next visit.",LABEL_1,positive,0.5835669636726379
497,5,"Visited Harbor House Café last weekend. Service was fast and friendly. The place has such a cozy, welcoming vibe. Worth every penny. Will definitely be back!",LABEL_1,positive,0.5665502548217773
498,3,Regular customer at Harbor House Café here. The coffee was okay. The staff were polite but a bit slow. Might give it another shot.,LABEL_1,positive,0.5532544851303101
499,5,"Best brunch i've had in months. The place has such a cozy, welcoming vibe. Will definitely be back!",LABEL_1,positive,0.5765156149864197
500,5,"Grabbed a quick coffee at Harbor House Café this morning. Our server remembered our names by the second visit. The place has such a cozy, welcoming vibe. This is now my go-to spot.",LABEL_1,positive,0.592649519443512
